{"chunk_definitions":[{"row":16,"row_count":1,"visible":true,"expansion_state":0,"options":{"include":false,"engine":"r","label":"setup"},"document_id":"6A0A005B","chunk_id":"csetup_chunk","chunk_label":"setup"},{"row":30,"row_count":1,"visible":true,"expansion_state":0,"options":{"engine":"r","label":"unnamed-chunk-1"},"document_id":"6A0A005B","chunk_id":"c3qoi4zqx0czx","chunk_label":"unnamed-chunk-1"},{"row":37,"row_count":1,"visible":true,"expansion_state":0,"options":{"engine":"r","label":"unnamed-chunk-2"},"document_id":"6A0A005B","chunk_id":"cukz01qunxxsj","chunk_label":"unnamed-chunk-2"},{"row":49,"row_count":1,"visible":true,"expansion_state":0,"options":{"engine":"r","label":"unnamed-chunk-3"},"document_id":"6A0A005B","chunk_id":"cql2ukz6qqw06","chunk_label":"unnamed-chunk-3"},{"row":82,"row_count":1,"visible":true,"expansion_state":0,"options":{"engine":"r","label":"q1-read-data"},"document_id":"6A0A005B","chunk_id":"c51tkup7u08qd","chunk_label":"q1-read-data"},{"row":104,"row_count":1,"visible":true,"expansion_state":0,"options":{},"document_id":"6A0A005B","chunk_id":"c8sc0xieghx3i","chunk_label":"unnamed-chunk-4"},{"row":122,"row_count":1,"visible":true,"expansion_state":0,"options":{},"document_id":"6A0A005B","chunk_id":"c9lrh9p2l8loh","chunk_label":"unnamed-chunk-5"},{"row":144,"row_count":1,"visible":true,"expansion_state":0,"options":{"engine":"r","label":"unnamed-chunk-6"},"document_id":"6A0A005B","chunk_id":"caxyggpxugv9a","chunk_label":"unnamed-chunk-6"},{"row":157,"row_count":1,"visible":true,"expansion_state":0,"options":{},"document_id":"6A0A005B","chunk_id":"c48hh6r2yxgaa","chunk_label":"unnamed-chunk-7"}],"doc_write_time":1642032234,"working_dir":null,"default_chunk_options":{}}