{"chunk_definitions":[{"row":16,"row_count":1,"visible":true,"expansion_state":0,"options":{"include":false,"engine":"r","label":"setup"},"document_id":"6A0A005B","chunk_id":"csetup_chunk","chunk_label":"setup"},{"row":28,"row_count":1,"visible":true,"expansion_state":0,"options":{"engine":"r","label":"unnamed-chunk-11"},"document_id":"6A0A005B","chunk_id":"ctn5fypxki3x9","chunk_label":"unnamed-chunk-1"},{"row":35,"row_count":1,"visible":true,"expansion_state":0,"options":{"engine":"r","label":"unnamed-chunk-12"},"document_id":"6A0A005B","chunk_id":"cifz1zvy0l18h","chunk_label":"unnamed-chunk-2"},{"row":47,"row_count":1,"visible":true,"expansion_state":0,"options":{"engine":"r","label":"unnamed-chunk-13"},"document_id":"6A0A005B","chunk_id":"ciwd3b6xsbdxh","chunk_label":"unnamed-chunk-3"},{"row":77,"row_count":1,"visible":true,"expansion_state":0,"options":{"engine":"r","label":"q1-read-data"},"document_id":"6A0A005B","chunk_id":"c433g841n3kz8","chunk_label":"q1-read-data"},{"row":131,"row_count":1,"visible":true,"expansion_state":0,"options":{"engine":"r","label":"unnamed-chunk-14"},"document_id":"6A0A005B","chunk_id":"cp8zkz6gq9xjv","chunk_label":"unnamed-chunk-6"}],"doc_write_time":1642004492,"working_dir":null,"default_chunk_options":{}}