id,hire_date,promo1_date,promo2_date,termination_date
1,1988-11-17,NA,NA,1989-06-20
2,1990-10-22,NA,NA,1992-09-21
3,1989-08-13,NA,NA,1990-12-12
4,1988-08-03,NA,NA,1989-12-02
5,1989-07-23,1990-02-21,NA,1990-04-06
6,1991-05-16,1991-08-10,NA,1992-02-15
7,1992-11-06,NA,NA,1993-08-08
8,1988-08-28,1995-07-27,1996-04-16,1998-09-12
9,1989-10-07,1989-12-07,NA,1990-06-28
10,1990-05-30,NA,NA,1990-10-13
11,1988-02-27,1992-08-23,1993-02-14,1993-10-09
12,1988-07-30,NA,NA,1990-04-30
13,1989-12-28,1991-08-17,NA,1991-09-28
14,1991-06-20,NA,NA,1992-03-19
15,1988-01-09,1988-02-11,1989-10-10,1990-10-28
16,1991-02-04,1991-03-24,NA,1992-06-18
17,1988-08-11,1989-03-04,NA,1989-11-22
18,1990-11-28,1992-09-16,NA,1993-02-11
19,1988-04-09,NA,NA,1989-07-02
20,1988-05-06,NA,NA,1992-02-17
21,1989-07-06,1992-07-27,NA,1993-04-18
22,1991-07-09,1991-10-22,NA,1994-08-09
23,1988-07-24,NA,NA,1990-06-09
24,1989-08-19,1993-11-14,NA,1994-07-27
25,1988-05-15,1991-03-06,1991-03-06,1993-04-22
26,1988-06-12,NA,NA,1989-06-25
27,1991-09-07,1991-12-28,1993-04-20,1993-09-19
28,1988-08-03,1989-03-31,NA,1989-08-04
29,1989-04-17,NA,NA,1989-07-26
30,1990-12-16,NA,NA,1991-03-26
31,1989-03-27,NA,NA,1990-06-15
32,1990-05-21,1990-08-27,NA,1991-10-19
33,1991-06-20,1992-01-25,NA,1993-10-25
34,1989-03-24,1990-01-11,NA,1994-04-23
35,1988-10-07,1989-01-27,1991-07-26,1996-01-29
36,1989-06-18,1991-09-29,NA,1993-02-02
37,1988-10-25,1990-04-08,NA,1990-09-19
38,1990-11-16,NA,NA,1992-10-10
39,1989-05-05,NA,NA,1991-03-30
40,1989-09-24,NA,NA,1991-08-19
41,1989-04-11,NA,NA,1990-05-16
42,1990-07-11,NA,NA,1991-03-01
43,1991-09-20,1992-12-22,1993-01-23,1994-09-29
44,1988-09-06,1988-11-21,NA,1990-04-12
45,1991-07-21,NA,NA,1991-12-02
46,1992-09-28,1993-03-18,1997-05-12,1999-06-30
47,1990-02-21,1990-05-20,NA,1990-11-26
48,1989-06-14,1989-08-20,1992-02-01,1992-07-14
49,1989-09-05,NA,NA,1990-01-06
50,1989-03-01,NA,NA,1989-07-02
51,1988-07-20,1988-08-12,NA,1988-11-20
52,1989-07-09,NA,NA,1990-02-27
53,1988-06-23,1990-01-01,NA,1996-05-31
54,1991-04-08,NA,NA,1994-09-30
55,1991-07-03,NA,NA,1992-10-02
56,1989-11-09,1990-07-07,1991-10-19,1994-02-01
57,1989-03-23,1990-08-12,1991-03-10,1993-06-15
58,1989-08-03,1991-02-16,NA,1992-07-13
59,1991-03-10,1992-03-14,1992-10-13,1994-02-17
60,1991-03-27,1991-05-07,1991-07-25,1994-03-26
61,1988-08-15,1988-11-04,NA,1989-12-04
62,1990-07-23,1990-10-28,NA,1991-11-11
63,1992-09-08,1993-01-23,1993-03-13,1997-02-08
64,1989-01-25,NA,NA,1989-09-21
65,1989-07-28,1990-02-19,NA,1996-05-25
66,1990-08-29,1992-08-20,1994-10-13,1995-04-23
67,1989-08-06,NA,NA,1989-12-18
68,1991-01-22,NA,NA,1992-08-22
69,1990-04-04,1990-09-27,NA,1991-11-03
70,1991-07-11,1992-02-19,NA,1996-01-05
71,1988-10-22,1991-04-06,1992-03-03,1996-05-09
72,1992-08-10,1992-11-12,1992-11-23,1995-12-30
73,1991-08-02,1993-03-08,NA,1996-07-19
74,1988-05-16,NA,NA,1988-12-05
75,1989-12-22,1992-11-26,NA,1993-09-16
76,1988-08-24,1988-10-04,NA,1989-03-16
77,1989-09-13,NA,NA,NA
78,1991-04-07,NA,NA,NA
79,1990-07-30,NA,NA,NA
80,1990-07-15,1990-07-18,1992-05-03,1995-06-22
81,1992-09-02,1992-11-03,1995-06-29,1997-08-10
82,1988-07-05,NA,NA,1989-12-18
83,1988-04-27,NA,NA,1991-07-25
84,1988-06-07,1988-12-31,NA,1989-02-06
85,1988-06-23,NA,NA,1989-02-22
86,1991-09-30,1992-08-27,NA,1999-10-17
87,1991-04-11,1995-04-13,1995-12-25,1998-06-29
88,1991-07-16,1992-08-04,1994-05-04,1995-12-13
89,1989-02-14,1989-04-04,NA,1990-08-04
90,1988-12-28,1989-08-08,NA,1990-06-17
91,1989-01-02,NA,NA,1991-02-06
92,1992-04-15,1992-06-28,NA,1999-07-12
93,1989-10-18,1990-01-09,NA,1990-11-23
94,1989-04-03,1990-02-25,NA,1991-06-11
95,1991-04-10,1991-11-29,NA,1992-01-30
96,1991-08-28,NA,NA,1992-06-25
97,1988-09-07,NA,NA,1988-12-19
98,1989-05-28,NA,NA,1990-09-07
99,1988-07-16,1989-01-24,NA,1995-03-21
100,1989-06-04,1989-12-09,NA,1990-10-30
101,1988-07-27,1990-02-17,NA,1990-03-12
102,1988-04-16,1988-07-05,NA,1989-01-18
103,1990-09-17,NA,NA,1992-04-04
104,1988-06-12,1989-12-04,1990-07-29,1992-11-18
105,1988-05-04,1988-09-18,1989-12-12,1991-11-22
106,1990-03-29,1991-05-15,NA,1992-03-19
107,1989-06-22,1989-07-20,NA,1992-12-01
108,1988-09-22,1989-06-09,1990-03-17,1992-03-03
109,1991-04-25,1991-05-02,1991-11-30,2001-08-06
110,1988-12-24,1991-12-10,NA,1999-04-07
111,1988-11-10,1989-02-22,NA,1989-12-18
112,1989-09-26,1990-05-04,NA,1990-11-03
113,1989-12-27,1990-06-15,NA,1991-03-26
114,1988-01-25,1989-10-09,NA,1990-02-02
115,1988-12-26,1989-01-21,NA,1989-12-31
116,1991-04-02,NA,NA,1992-03-19
117,1990-07-18,NA,NA,1991-07-05
118,1989-01-26,NA,NA,1991-05-11
119,1988-05-23,1988-10-06,1989-03-06,1989-09-10
120,1990-03-13,NA,NA,1990-08-12
121,1991-09-01,1992-02-09,NA,1993-04-28
122,1988-03-08,1989-01-08,1992-03-03,1996-10-20
123,1990-05-03,NA,NA,1990-09-03
124,1989-09-05,NA,NA,1990-01-06
125,1990-02-06,NA,NA,1990-06-09
126,1989-05-12,1990-02-23,1994-07-29,1995-04-11
127,1988-09-07,1992-03-09,NA,1994-08-07
128,1989-09-21,1992-08-03,NA,1994-01-20
129,1988-07-18,1989-08-02,1990-03-29,1991-10-13
130,1989-08-30,1991-01-31,1991-04-28,1992-11-24
131,1989-05-24,1991-12-19,NA,1992-04-23
132,1989-07-31,1990-07-03,1991-08-22,1993-09-13
133,1989-12-19,1990-10-26,NA,1992-02-10
134,1988-05-10,NA,NA,1992-08-02
135,1988-04-03,1988-11-09,1989-07-05,1990-02-06
136,1988-04-29,NA,NA,1989-04-02
137,1991-06-04,1992-07-25,NA,1995-08-24
138,1989-10-05,NA,NA,1991-03-21
139,1990-08-25,NA,NA,1992-09-08
140,1988-08-29,1989-04-28,1990-01-12,1990-08-28
141,1989-08-20,NA,NA,1991-04-23
142,1988-02-04,1990-08-15,1993-03-29,2000-09-05
143,1989-06-12,1990-03-22,NA,1990-05-08
144,1992-08-19,1993-12-28,1996-12-30,1999-03-12
145,1989-12-14,1990-06-13,1994-07-09,1996-07-06
146,1990-07-02,1990-07-07,NA,1997-04-08
147,1988-03-02,1989-01-25,NA,1989-04-15
148,1991-08-12,NA,NA,1992-09-24
149,1989-04-08,1992-05-20,1995-10-06,2001-02-22
150,1988-07-26,NA,NA,1989-06-26
151,1991-02-17,NA,NA,1992-02-21
152,1991-09-06,NA,NA,1996-03-11
153,1990-11-15,NA,NA,1991-05-08
154,1991-09-26,1991-10-09,1991-11-07,1993-05-24
155,1989-06-09,1989-09-17,1992-05-30,1996-02-05
156,1990-05-20,NA,NA,1991-02-13
157,1990-05-05,1990-08-24,1991-01-08,1991-12-12
158,1990-07-02,NA,NA,1991-02-20
159,1992-07-13,NA,NA,1993-03-03
160,1988-02-23,1988-07-17,NA,1988-10-13
161,1988-01-07,1988-04-08,NA,1988-12-04
162,1990-02-23,1992-07-05,NA,1994-05-30
163,1990-06-26,1990-12-23,1991-09-17,NA
164,1991-09-28,NA,NA,1994-02-08
165,1989-07-16,1989-10-20,NA,1989-12-02
166,1988-09-01,1989-08-08,NA,1990-03-03
167,1991-11-04,1992-12-11,NA,1993-10-19
168,1991-06-09,NA,NA,1992-10-17
169,1988-08-03,NA,NA,1989-12-12
170,1989-05-21,1992-08-18,1992-12-26,1995-05-02
171,1988-09-26,NA,NA,1989-07-14
172,1989-04-19,NA,NA,1990-09-20
173,1989-02-03,1990-10-19,1991-01-23,2000-01-06
174,1992-04-26,1992-05-29,NA,1995-05-31
175,1992-07-16,NA,NA,1992-07-31
176,1989-12-19,NA,NA,1991-01-16
177,1991-07-26,NA,NA,1992-08-22
178,1988-08-21,NA,NA,1989-04-28
179,1989-05-31,1989-07-28,NA,1990-01-10
180,1989-06-16,1989-07-04,NA,1990-12-16
181,1990-01-21,NA,NA,1991-04-12
182,1988-12-02,1989-12-17,NA,1990-04-04
183,1989-12-13,1992-07-15,NA,1992-08-28
184,1989-06-07,1989-08-25,NA,1995-07-25
185,1991-08-28,1991-08-31,NA,1997-10-14
186,1990-11-24,NA,NA,1991-11-20
187,1988-10-19,1990-03-10,NA,1992-09-01
188,1989-01-17,1989-02-14,NA,1993-06-04
189,1989-05-15,1989-08-10,1990-01-10,1990-08-16
190,1988-07-26,1989-05-16,NA,1990-10-04
191,1988-07-09,NA,NA,1990-09-17
192,1990-07-12,1992-02-06,NA,1992-09-19
193,1988-09-12,1990-01-30,1990-10-03,1991-02-16
194,1989-04-28,1989-04-28,NA,1992-02-10
195,1991-09-08,NA,NA,1992-03-05
196,1990-08-19,NA,NA,1991-02-14
197,1988-08-07,1988-09-29,1991-11-17,1995-01-24
198,1991-05-26,1994-03-22,1995-03-26,2005-04-04
199,1989-05-22,1991-01-27,1992-11-01,1998-04-28
200,1990-11-22,NA,NA,1992-07-07
201,1988-06-30,NA,NA,1989-03-21
202,1989-08-17,1990-03-06,NA,1990-10-09
203,1988-03-13,NA,NA,1988-09-21
204,1988-08-03,1989-04-14,NA,1990-07-12
205,1988-08-20,1989-04-20,NA,1989-12-31
206,1989-10-29,1990-06-30,1990-08-23,1992-01-04
207,1989-01-25,1991-03-09,NA,1992-01-08
208,1988-10-02,1989-07-27,NA,1990-12-03
209,1991-01-07,NA,NA,1991-04-28
210,1988-05-16,NA,NA,1988-09-04
211,1990-09-28,NA,NA,1991-01-17
212,1989-09-19,NA,NA,1989-11-11
213,1990-04-20,NA,NA,1992-05-28
214,1990-03-27,1990-12-31,NA,1991-05-26
215,1991-01-24,1992-09-28,1993-04-14,1996-04-29
216,1988-07-26,1989-06-15,NA,1989-07-07
217,1988-09-01,1989-06-01,NA,1989-08-24
218,1989-08-03,NA,NA,1990-07-26
219,1988-04-21,1988-06-13,NA,NA
220,1989-09-07,1989-10-19,1990-03-21,NA
221,1991-07-31,1992-03-11,NA,NA
222,1992-08-03,1993-05-10,NA,1994-05-25
223,1988-09-12,1989-11-30,NA,1991-12-16
224,1989-07-21,1990-09-15,1991-06-30,NA
225,1991-08-23,1992-05-08,1992-08-31,1993-08-13
226,1989-05-25,1989-09-25,NA,1991-02-11
227,1990-08-20,1991-09-01,1992-10-16,NA
228,1989-06-02,1989-06-15,NA,NA
229,1990-09-29,1992-10-22,1995-02-13,NA
230,1989-11-24,NA,NA,NA
231,1990-06-22,1991-08-25,1991-12-13,1994-05-17
232,1988-08-05,1989-12-12,1991-02-24,1995-04-13
233,1989-12-04,1990-06-02,1990-09-23,1990-12-03
234,1988-05-08,1991-10-23,NA,1995-01-04
235,1990-12-28,NA,NA,1991-03-07
236,1988-05-08,NA,NA,NA
237,1988-01-16,NA,NA,NA
238,1988-11-23,NA,NA,1989-01-17
239,1988-06-26,NA,NA,1990-07-03
240,1991-07-03,1991-10-15,1992-07-31,NA
241,1991-08-10,NA,NA,1992-02-03
242,1990-10-03,1990-10-15,NA,1991-10-06
243,1988-09-10,NA,NA,1989-05-23
244,1988-06-18,NA,NA,1989-09-25
245,1989-09-24,1991-02-01,1997-06-28,NA
246,1988-07-14,1990-07-12,NA,NA
247,1989-05-22,1992-06-18,NA,1993-06-27
248,1988-11-01,1989-11-22,1990-05-17,1996-01-22
249,1989-01-31,1990-01-29,1992-04-10,1996-04-22
250,1991-11-10,1993-01-05,1993-01-09,1996-04-23
251,1990-06-04,1995-11-26,1998-09-22,2002-01-07
252,1988-08-26,1989-08-27,NA,1991-01-07
253,1990-08-12,1991-02-11,NA,NA
254,1991-01-02,NA,NA,1992-04-08
255,1988-02-26,1989-11-03,1992-02-11,2001-06-30
256,1990-08-26,NA,NA,1992-04-19
257,1990-07-14,NA,NA,NA
258,1988-03-18,1988-07-12,NA,NA
259,1990-08-29,1990-11-19,1994-07-08,1996-07-09
260,1991-05-15,NA,NA,1991-08-10
261,1991-03-27,NA,NA,1992-04-27
262,1989-07-24,1990-05-28,1992-02-06,NA
263,1990-02-11,1990-07-08,1992-04-17,2000-05-17
264,1989-08-27,1991-12-21,1992-03-14,NA
265,1988-06-01,1989-06-02,1993-01-07,NA
266,1988-02-06,NA,NA,1990-04-30
267,1989-12-11,NA,NA,NA
268,1988-08-12,1988-10-07,NA,1989-12-31
269,1990-06-07,NA,NA,1990-08-31
270,1989-06-19,1989-11-05,NA,1991-06-11
271,1989-05-14,1990-03-30,1991-01-05,1991-05-06
272,1989-04-14,1990-03-13,NA,1990-08-28
273,1990-08-14,1990-11-04,NA,1994-06-14
274,1988-09-03,NA,NA,1989-09-06
275,1990-04-06,1991-04-29,1994-11-29,1996-05-28
276,1988-11-14,NA,NA,NA
277,1988-01-18,1988-10-23,NA,1990-04-19
278,1990-09-04,NA,NA,1990-11-19
279,1990-02-22,1992-08-24,1993-01-01,1995-11-03
280,1988-05-25,1988-07-01,1988-07-11,1994-02-03
281,1990-06-05,NA,NA,1990-07-26
282,1989-08-12,1989-12-15,1990-11-10,NA
283,1988-04-17,NA,NA,1989-04-29
284,1989-08-15,1990-01-10,1990-12-23,NA
285,1989-06-07,NA,NA,1992-02-22
286,1988-08-05,NA,NA,1989-02-13
287,1990-12-07,1990-12-30,NA,1991-05-10
288,1990-05-01,NA,NA,1990-10-02
289,1989-04-13,1990-04-11,NA,NA
290,1990-06-26,1992-04-30,NA,NA
291,1989-11-11,1991-11-13,NA,NA
292,1989-05-03,1990-12-30,1995-11-11,2001-11-08
293,1989-07-23,NA,NA,NA
294,1989-07-09,NA,NA,NA
295,1989-09-21,1991-12-20,NA,1994-03-24
296,1989-05-25,1990-05-29,1993-09-25,NA
297,1990-09-23,1992-02-14,1992-06-08,1993-01-09
298,1989-08-20,1990-07-12,1992-06-21,NA
299,1989-07-21,1989-10-06,1992-09-03,1994-01-22
300,1988-09-25,NA,NA,1989-06-14
301,1992-01-07,1992-01-15,1995-07-10,1997-05-19
302,1992-06-30,1993-09-27,NA,NA
303,1988-03-26,1988-09-13,1990-03-06,1990-03-28
304,1992-07-08,NA,NA,1994-07-10
305,1990-04-09,1991-04-08,NA,1992-04-10
306,1989-12-14,1991-06-23,NA,1991-12-16
307,1989-02-27,1990-06-15,NA,1992-04-23
308,1988-07-13,NA,NA,NA
309,1988-09-03,1988-11-14,1990-08-15,NA
310,1991-05-23,1991-09-03,1992-01-05,NA
311,1991-03-31,1992-11-26,NA,NA
312,1989-08-31,1991-12-12,NA,NA
313,1991-02-07,NA,NA,1991-05-11
314,1991-08-29,1991-10-19,NA,NA
315,1992-09-14,NA,NA,NA
316,1990-09-02,NA,NA,1992-08-19
317,1988-04-28,1990-03-09,NA,1990-04-15
318,1988-10-04,NA,NA,NA
319,1988-08-06,1992-12-21,NA,1993-02-08
320,1990-09-08,1991-08-16,1992-02-17,1992-06-08
321,1988-10-23,NA,NA,1990-07-24
322,1990-06-25,NA,NA,1991-06-27
323,1988-03-30,NA,NA,1991-12-30
324,1988-06-20,NA,NA,1989-08-29
325,1992-08-11,1993-03-27,1993-09-29,NA
326,1989-05-13,1990-05-04,1994-04-04,1994-07-07
327,1990-08-21,1992-08-12,1992-10-20,1995-10-15
328,1988-02-27,1988-05-21,1991-03-07,NA
329,1990-08-06,1994-10-20,NA,NA
330,1989-07-18,NA,NA,1990-01-24
331,1988-06-07,NA,NA,1988-12-14
332,1991-08-04,1992-08-09,1997-12-24,1999-07-05
333,1989-08-19,NA,NA,NA
334,1989-02-08,1990-02-04,1992-06-06,NA
335,1988-10-18,1989-04-28,1991-03-13,1993-07-27
336,1988-03-06,1989-04-24,1989-06-21,NA
337,1989-08-25,1992-01-24,NA,NA
338,1988-06-26,1989-01-26,NA,1990-11-27
339,1988-09-08,1988-10-17,NA,1989-09-10
340,1988-09-21,1989-08-11,1990-10-09,NA
341,1989-08-08,1992-05-04,1996-08-28,NA
342,1992-05-30,NA,NA,1992-09-14
343,1989-12-01,NA,NA,1990-04-19
344,1988-05-13,NA,NA,1991-05-09
345,1991-06-16,1992-01-08,1994-06-02,NA
346,1990-05-26,1992-01-24,NA,NA
347,1990-07-07,NA,NA,1990-09-14
348,1988-09-06,1989-02-15,1989-05-18,NA
349,1988-04-03,1989-01-14,NA,NA
350,1989-08-03,NA,NA,1990-07-12
351,1988-04-23,1989-12-22,NA,NA
352,1991-06-04,1992-01-08,NA,1992-03-30
353,1990-09-13,1990-12-16,1994-09-25,NA
354,1990-07-17,NA,NA,NA
355,1990-07-07,NA,NA,1992-04-12
356,1988-08-16,NA,NA,NA
357,1988-07-17,1988-10-03,1992-07-29,2001-06-23
358,1991-05-16,1992-01-20,1992-04-06,1992-07-13
359,1990-04-02,1990-12-19,NA,1991-05-04
360,1991-05-18,NA,NA,NA
361,1990-08-08,NA,NA,NA
362,1988-03-18,NA,NA,1988-07-19
363,1989-06-01,1989-10-13,NA,1990-04-14
364,1989-09-26,NA,NA,1992-07-30
365,1991-05-22,1993-08-28,NA,1994-03-25
366,1989-12-02,NA,NA,1990-12-03
367,1989-02-19,1989-07-26,1989-11-27,NA
368,1990-09-06,1990-11-24,NA,1993-06-06
369,1991-08-27,NA,NA,1992-02-06
370,1988-08-06,1989-07-03,NA,1991-12-19
371,1989-11-27,1991-12-22,1992-08-03,NA
372,1990-12-17,1996-11-09,1998-04-18,1998-12-18
373,1990-07-27,NA,NA,1991-02-27
374,1988-03-25,NA,NA,1990-06-25
375,1992-04-24,1995-02-20,NA,NA
376,1989-08-26,NA,NA,1992-01-15
377,1988-05-08,1989-01-17,NA,1990-07-20
378,1989-10-16,NA,NA,NA
379,1992-08-17,1994-07-07,1997-02-25,1997-06-13
380,1988-02-13,1988-09-06,1989-08-31,1999-04-13
381,1988-11-13,1991-05-09,NA,2000-01-12
382,1991-03-02,1992-12-09,NA,NA
383,1989-09-22,1990-06-13,1991-06-30,NA
384,1991-03-15,NA,NA,NA
385,1990-07-29,1990-09-04,NA,1992-09-11
386,1988-02-11,1988-11-22,1990-04-11,1990-10-29
387,1990-06-02,1990-07-28,NA,NA
388,1988-06-10,1989-07-09,1989-09-27,NA
389,1991-05-13,1991-11-28,NA,NA
390,1989-06-04,1990-06-19,1990-10-20,NA
391,1990-08-28,1990-11-04,NA,1992-03-02
392,1991-11-06,NA,NA,1992-07-14
393,1989-09-22,NA,NA,1993-04-08
394,1988-06-28,1989-04-24,NA,1992-01-13
395,1989-01-16,1989-07-05,1991-02-25,1999-11-12
396,1989-07-11,1989-07-17,1990-02-08,1990-03-14
397,1990-04-28,NA,NA,1991-01-31
398,1991-12-23,1992-03-04,NA,1994-02-28
399,1991-07-25,1995-09-20,NA,1997-02-09
400,1989-02-03,1989-09-14,NA,NA
401,1988-02-03,NA,NA,1988-08-22
402,1989-04-23,NA,NA,NA
403,1989-04-07,NA,NA,NA
404,1988-06-22,NA,NA,NA
405,1988-03-28,NA,NA,1988-06-25
406,1990-02-03,NA,NA,1990-05-03
407,1988-07-30,1992-05-21,NA,NA
408,1988-08-06,NA,NA,NA
409,1991-08-29,1993-01-03,1994-01-11,2002-10-27
410,1989-09-01,1992-06-15,1996-01-02,2000-10-30
411,1988-08-10,1988-12-25,1989-01-13,NA
412,1991-07-02,1992-12-22,1993-05-14,NA
413,1988-12-13,1989-05-06,1992-10-12,1994-03-20
414,1989-05-19,1989-05-26,1989-10-04,1990-02-18
415,1988-05-31,1990-02-12,NA,NA
416,1988-10-20,1989-01-20,NA,NA
417,1990-09-02,NA,NA,NA
418,1991-01-10,NA,NA,NA
419,1988-02-25,1990-04-11,NA,NA
420,1988-09-06,NA,NA,NA
421,1989-11-09,NA,NA,NA
422,1988-07-17,NA,NA,NA
423,1988-12-11,NA,NA,NA
424,1991-08-04,NA,NA,NA
425,1991-02-06,NA,NA,NA
426,1989-08-14,1990-07-01,1991-02-23,NA
427,1988-03-07,1989-03-22,NA,NA
428,1990-08-22,1991-09-29,1994-07-09,NA
429,1988-05-11,1990-06-20,1992-06-22,NA
430,1989-06-07,NA,NA,NA
431,1990-04-27,NA,NA,NA
432,1990-03-23,NA,NA,NA
433,1989-03-10,NA,NA,NA
434,1988-12-23,1989-06-07,NA,1990-01-29
435,1991-05-24,NA,NA,NA
436,1988-12-13,1990-07-27,1992-11-27,1993-01-25
437,1990-06-30,1990-08-21,1991-08-29,NA
438,1991-01-06,1992-02-10,1993-11-21,NA
439,1988-08-10,NA,NA,NA
440,1990-07-29,NA,NA,1991-08-24
441,1988-08-11,NA,NA,NA
442,1990-01-06,NA,NA,NA
443,1988-06-30,NA,NA,NA
444,1989-04-10,NA,NA,NA
445,1991-01-18,1991-01-22,NA,1993-01-18
446,1988-04-12,NA,NA,NA
447,1988-04-20,NA,NA,NA
448,1988-05-24,1989-03-21,NA,1990-05-26
449,1990-08-17,1992-05-23,NA,1994-04-19
450,1988-02-23,1989-03-11,1989-09-15,1989-11-15
451,1990-06-18,1992-05-08,NA,NA
452,1989-01-12,NA,NA,NA
453,1991-12-15,NA,NA,NA
454,1991-08-17,1993-06-16,NA,1993-08-18
455,1990-10-27,1991-12-03,1992-03-29,NA
456,1990-04-04,1992-12-06,NA,1995-08-15
457,1989-11-15,1990-07-04,NA,1991-08-29
458,1989-02-15,NA,NA,1990-02-07
459,1989-12-24,1991-11-13,1993-04-12,1994-06-29
460,1988-12-08,1990-05-22,NA,NA
461,1989-03-05,1989-06-10,1990-02-14,NA
462,1989-09-08,NA,NA,1989-10-13
463,1991-11-11,NA,NA,1991-12-16
464,1989-04-19,1990-04-30,1991-06-14,1992-10-31
465,1991-06-02,1991-07-18,NA,1991-11-26
466,1991-04-07,1991-12-22,1992-02-02,NA
467,1991-07-11,1993-01-13,NA,NA
468,1989-05-28,1990-01-17,NA,1990-11-16
469,1990-05-09,NA,NA,1991-10-28
470,1989-09-13,1990-09-11,NA,1991-03-04
471,1991-09-26,NA,NA,1993-11-30
472,1988-09-14,1989-05-24,NA,NA
473,1988-06-10,1991-06-18,1991-10-07,1994-05-07
474,1988-02-06,1988-04-02,1990-07-12,1994-01-02
475,1988-09-10,1991-09-13,1992-12-15,NA
476,1990-04-22,1991-12-11,NA,1993-11-21
477,1991-11-17,NA,NA,1993-07-07
478,1989-06-17,1996-08-22,NA,1997-06-18
479,1988-03-10,1990-05-04,1990-12-10,NA
480,1988-12-26,1989-12-11,1996-09-25,NA
481,1991-07-04,1992-01-19,1992-04-06,1997-03-01
482,1990-04-05,NA,NA,1990-05-04
483,1988-10-23,1988-11-08,1990-12-16,1992-11-07
484,1988-04-03,NA,NA,1989-07-27
485,1991-05-17,NA,NA,NA
486,1988-04-07,1988-10-21,NA,NA
487,1988-10-01,1989-02-04,NA,NA
488,1991-08-23,NA,NA,NA
489,1989-05-08,1990-03-19,NA,1993-01-09
490,1989-07-16,NA,NA,1990-08-10
491,1989-09-22,1989-10-07,1991-04-21,1998-08-19
492,1990-08-30,1992-12-11,1994-03-21,NA
493,1988-01-08,NA,NA,1988-07-14
494,1989-05-22,NA,NA,1993-03-21
495,1990-05-13,1991-09-17,1992-02-19,1997-02-02
496,1991-09-06,1993-06-08,1995-05-10,1995-10-18
497,1989-06-26,NA,NA,1991-02-27
498,1990-05-01,NA,NA,1992-01-02
499,1992-02-29,NA,NA,1992-07-14
500,1991-08-20,NA,NA,NA
501,1990-08-29,NA,NA,1990-12-18
502,1989-03-28,1990-03-07,1995-08-26,NA
503,1988-08-13,NA,NA,1990-03-01
504,1991-05-27,1993-02-01,1996-04-18,NA
505,1988-09-28,NA,NA,NA
506,1991-08-01,1992-09-30,NA,1998-06-27
507,1990-04-30,1991-04-28,1996-07-21,1997-03-26
508,1989-10-13,1990-06-09,1991-01-30,1992-03-10
509,1988-04-03,NA,NA,NA
510,1991-04-15,1995-08-28,1995-09-06,NA
511,1991-02-26,1992-08-22,1996-11-26,NA
512,1991-04-10,1991-05-08,1991-10-25,1994-04-04
513,1988-07-30,1989-05-04,1990-02-16,1992-10-31
514,1990-05-04,1994-03-30,1998-02-24,NA
515,1989-03-29,1989-04-05,1989-08-13,NA
516,1990-04-17,1991-01-07,NA,NA
517,1989-02-01,1989-12-02,NA,NA
518,1988-05-12,1989-11-05,NA,NA
519,1990-02-12,1990-06-21,NA,NA
520,1990-08-25,1992-01-12,NA,NA
521,1990-07-06,1990-10-24,NA,NA
522,1989-06-05,1990-05-04,NA,NA
523,1989-07-24,1989-08-25,NA,1990-05-20
524,1988-08-18,NA,NA,1989-06-14
525,1989-07-26,1990-02-16,NA,1990-05-22
526,1988-02-11,1988-03-06,NA,1988-05-17
527,1990-09-13,NA,NA,1990-12-18
528,1988-09-16,NA,NA,NA
529,1988-08-28,1989-01-28,1990-09-18,1991-03-01
530,1988-08-06,NA,NA,NA
531,1989-09-01,NA,NA,NA
532,1989-07-30,NA,NA,NA
533,1992-09-21,1994-02-23,NA,1995-07-27
534,1988-04-06,1989-04-07,1989-10-05,NA
535,1990-07-19,1993-05-15,NA,NA
536,1990-09-09,1990-11-07,NA,NA
537,1988-02-21,1988-08-11,NA,1990-12-22
538,1989-08-08,1992-03-04,NA,1992-06-08
539,1989-03-14,NA,NA,1990-02-07
540,1990-07-21,1991-02-07,NA,1995-07-19
541,1990-04-04,1990-10-26,NA,1992-04-30
542,1988-07-05,1989-09-21,1990-01-09,NA
543,1990-09-25,1991-12-10,NA,NA
544,1988-03-18,NA,NA,NA
545,1989-05-01,NA,NA,NA
546,1991-05-15,NA,NA,NA
547,1989-07-29,1990-12-09,1991-11-22,NA
548,1988-09-22,NA,NA,NA
549,1990-04-24,NA,NA,NA
550,1991-04-08,1991-09-18,1993-02-08,NA
551,1988-04-01,1989-06-12,1992-01-29,NA
552,1989-09-09,1990-01-20,NA,1990-12-24
553,1989-05-03,1992-01-20,1992-06-18,NA
554,1990-08-09,1990-10-06,1991-08-25,NA
555,1990-07-26,NA,NA,1990-11-21
556,1989-05-21,1990-11-14,1992-08-24,NA
557,1990-08-24,NA,NA,1991-10-23
558,1989-07-08,1991-02-19,1994-12-03,1998-07-26
559,1989-08-08,1989-11-10,NA,NA
560,1992-10-07,1994-10-24,NA,NA
561,1989-08-28,1990-07-25,1991-01-25,1991-03-10
562,1990-06-22,1997-02-14,NA,2001-08-06
563,1990-07-28,NA,NA,1991-04-05
564,1991-09-15,1992-03-26,NA,1992-05-23
565,1991-05-07,NA,NA,1992-06-17
566,1989-01-18,1990-01-30,1992-03-04,1993-09-14
567,1989-12-19,1990-12-25,NA,1991-01-19
568,1988-09-30,1990-04-17,1991-04-10,NA
569,1989-09-20,1990-01-12,1995-03-29,2003-05-18
570,1989-09-02,1989-12-29,NA,1992-05-03
571,1988-01-25,1988-06-10,NA,NA
572,1988-10-05,NA,NA,NA
573,1989-08-14,1991-11-30,NA,NA
574,1991-04-09,1992-01-14,NA,1993-02-26
575,1991-03-06,NA,NA,NA
576,1988-07-13,NA,NA,NA
577,1991-07-02,NA,NA,NA
578,1992-04-04,1992-11-22,NA,1996-04-19
579,1991-04-09,NA,NA,1992-07-06
580,1989-05-11,1989-06-03,NA,1994-08-29
581,1988-08-02,1988-11-23,1989-07-09,1992-09-13
582,1988-07-30,1989-02-02,NA,1989-09-09
583,1988-05-13,1989-02-23,NA,1989-11-09
584,1990-01-17,1990-12-27,1998-08-08,1999-07-24
585,1988-01-09,1988-08-19,NA,NA
586,1990-05-14,NA,NA,1991-01-17
587,1989-12-28,1990-05-31,1991-03-07,1992-03-29
588,1990-01-19,NA,NA,1990-03-06
589,1990-08-02,1992-08-27,1993-04-22,NA
590,1988-05-16,NA,NA,1989-06-10
591,1990-11-13,NA,NA,1992-07-11
592,1990-09-20,1991-01-10,NA,NA
593,1990-08-29,1993-06-07,1995-08-02,1998-09-22
594,1989-01-09,1989-04-04,NA,1990-01-15
595,1988-04-21,1988-07-30,NA,1989-03-12
596,1989-02-28,1989-04-08,NA,NA
597,1989-01-13,1989-02-09,NA,NA
598,1991-07-08,NA,NA,NA
599,1989-05-13,NA,NA,NA
600,1988-05-25,NA,NA,NA
601,1988-09-12,NA,NA,NA
602,1988-06-30,1988-12-02,NA,NA
603,1991-07-29,NA,NA,NA
604,1988-08-31,1989-05-10,1990-10-15,NA
605,1989-03-24,1989-05-17,NA,NA
606,1988-08-20,1989-05-27,NA,1989-06-09
607,1990-08-14,1991-03-20,NA,1994-04-14
608,1991-08-27,1992-12-11,1993-07-24,NA
609,1988-07-13,1988-08-01,NA,NA
610,1988-07-04,NA,NA,1988-10-30
611,1989-06-04,NA,NA,1993-06-09
612,1990-08-05,1990-12-29,NA,1991-04-26
613,1988-01-02,1989-02-22,1990-04-02,NA
614,1988-09-26,NA,NA,NA
615,1990-11-09,1991-06-21,NA,NA
616,1988-04-19,NA,NA,NA
617,1990-11-01,NA,NA,1992-10-12
618,1988-02-08,1992-03-07,1995-11-13,NA
619,1989-10-21,NA,NA,NA
620,1988-10-23,1990-02-23,NA,1990-06-01
621,1989-03-30,1989-12-13,NA,NA
622,1989-06-30,1996-08-24,1996-11-17,NA
623,1988-06-05,NA,NA,1990-04-14
624,1988-05-09,NA,NA,NA
625,1988-11-18,NA,NA,NA
626,1988-08-23,1988-08-30,NA,NA
627,1991-01-19,NA,NA,1993-03-22
628,1988-09-11,1989-03-21,NA,NA
629,1989-08-17,1991-03-06,NA,1993-02-08
630,1991-08-10,1992-08-06,NA,1993-07-28
631,1989-08-23,1991-10-02,NA,1996-05-09
632,1989-07-05,1989-07-28,1989-11-10,NA
633,1989-08-14,1991-06-17,NA,1993-02-25
634,1990-04-02,NA,NA,NA
635,1989-09-04,1989-11-20,1990-04-02,NA
636,1991-04-18,NA,NA,1991-08-03
637,1988-07-08,1992-02-02,NA,1995-12-04
638,1990-08-26,1992-12-15,1995-05-03,NA
639,1992-06-05,1992-08-17,NA,NA
640,1989-07-13,NA,NA,1990-07-15
641,1989-08-12,1990-10-04,1991-01-30,NA
642,1990-04-28,1990-09-24,1993-07-27,NA
643,1990-01-25,1990-06-25,NA,NA
644,1991-06-09,1993-03-16,NA,NA
645,1990-07-23,NA,NA,NA
646,1989-09-01,NA,NA,NA
647,1989-12-01,1990-07-30,NA,NA
648,1991-03-02,NA,NA,1991-08-14
649,1992-03-31,1994-03-22,1996-12-01,NA
650,1990-10-31,NA,NA,NA
651,1990-11-24,NA,NA,NA
652,1988-04-01,NA,NA,NA
653,1989-03-10,1991-01-28,NA,1991-06-08
654,1989-09-09,1990-07-03,1991-06-28,NA
655,1988-11-23,1989-12-20,1990-11-02,1992-09-04
656,1991-07-09,1991-11-29,1994-12-31,1995-04-20
657,1990-01-17,1991-02-18,1991-02-21,1993-10-29
658,1989-05-13,1989-10-23,1991-01-16,1993-02-22
659,1988-09-24,NA,NA,NA
660,1989-08-18,NA,NA,1991-07-10
661,1988-06-16,1989-12-20,1991-04-16,NA
662,1989-08-04,NA,NA,1990-07-04
663,1989-05-27,NA,NA,NA
664,1989-01-31,NA,NA,NA
665,1991-03-03,NA,NA,NA
666,1990-03-18,NA,NA,NA
667,1990-07-03,1991-02-16,1991-03-10,NA
668,1989-01-03,NA,NA,1989-10-14
669,1988-07-24,1988-09-24,1991-09-11,NA
670,1989-01-21,1990-12-06,1993-02-27,NA
671,1988-01-12,1989-08-13,1991-09-29,NA
672,1988-01-08,NA,NA,NA
673,1989-07-21,1990-08-01,1992-01-29,NA
674,1989-07-01,1993-02-14,1993-12-30,NA
675,1989-09-09,1994-03-14,1996-05-19,NA
676,1988-10-09,1989-04-19,1989-10-19,NA
677,1988-12-12,1990-12-07,1992-03-07,1993-06-15
678,1989-05-14,1990-04-16,NA,NA
679,1990-06-13,NA,NA,1990-07-27
680,1992-07-06,1992-07-15,1997-04-30,1997-07-05
681,1988-07-16,1989-11-11,NA,NA
682,1989-09-29,1991-03-02,NA,1997-03-07
683,1990-04-07,1993-04-16,NA,NA
684,1991-06-26,1992-01-30,NA,NA
685,1988-04-22,NA,NA,NA
686,1991-07-19,1994-10-12,NA,NA
687,1988-06-02,1990-05-26,NA,NA
688,1990-03-27,1990-10-12,1992-07-14,NA
689,1990-03-25,1992-05-03,NA,NA
690,1989-07-25,NA,NA,1992-11-02
691,1988-03-22,1989-08-16,NA,1991-07-01
692,1988-12-03,1989-05-04,NA,1992-03-13
693,1989-05-29,1989-11-09,NA,1992-09-06
694,1989-02-03,1990-10-20,NA,NA
695,1988-09-02,1988-12-25,NA,NA
696,1991-05-01,NA,NA,NA
697,1989-01-01,1989-01-03,1992-04-21,NA
698,1991-03-20,NA,NA,NA
699,1988-03-06,1988-04-23,1992-11-14,2000-03-26
700,1990-09-24,NA,NA,NA
701,1990-04-22,1990-06-26,1993-02-09,NA
702,1988-09-15,1989-03-03,1993-03-01,NA
703,1989-02-01,1992-02-06,NA,1993-02-01
704,1990-07-29,1991-04-09,1992-04-14,1994-02-06
705,1988-04-20,NA,NA,1989-05-13
706,1989-09-26,1990-12-06,NA,NA
707,1989-09-19,1991-04-22,NA,1992-03-05
708,1990-06-24,NA,NA,NA
709,1988-04-15,1990-09-25,NA,NA
710,1990-12-22,1992-08-29,1999-07-10,2000-09-15
711,1988-09-11,1989-05-31,1991-06-25,NA
712,1988-01-12,NA,NA,1992-03-11
713,1990-08-18,1991-03-01,NA,1991-08-26
714,1988-08-29,1989-09-26,1990-04-07,1990-04-09
715,1990-08-28,1991-07-10,NA,NA
716,1990-09-16,1992-03-03,1997-03-19,NA
717,1988-04-05,NA,NA,NA
718,1988-10-17,NA,NA,NA
719,1989-05-31,1992-05-23,NA,1996-03-28
720,1989-01-28,1990-02-21,NA,NA
721,1988-02-19,1988-12-17,NA,NA
722,1992-08-28,1992-11-09,NA,NA
723,1989-08-06,NA,NA,NA
724,1988-12-05,NA,NA,1989-07-08
725,1988-08-20,NA,NA,1989-03-23
726,1988-07-07,NA,NA,1988-09-16
727,1989-03-06,1989-08-02,NA,1991-05-24
728,1988-12-25,1991-05-07,1992-10-09,1995-07-29
729,1990-12-02,NA,NA,NA
730,1988-06-01,1991-07-08,1991-10-15,NA
731,1992-11-29,1994-04-16,NA,1995-02-17
732,1990-04-07,1992-04-09,NA,1992-05-25
733,1988-04-11,1988-04-16,NA,NA
734,1989-08-12,1991-06-21,1992-07-29,NA
735,1988-10-26,NA,NA,NA
736,1988-01-25,NA,NA,NA
737,1988-07-28,1989-05-13,1990-04-24,NA
738,1988-03-01,1988-03-11,1990-02-27,1994-01-16
739,1989-06-05,1989-07-17,NA,1990-08-24
740,1992-11-22,NA,NA,1995-12-29
741,1990-08-03,1992-05-02,1992-09-17,NA
742,1989-01-17,NA,NA,1991-10-16
743,1988-05-18,NA,NA,NA
744,1991-06-13,1995-01-06,NA,NA
745,1989-02-05,1989-12-07,NA,NA
746,1989-09-13,1989-09-17,NA,NA
747,1989-04-16,1990-12-06,NA,NA
748,1988-10-05,1989-04-23,NA,1989-08-21
749,1988-08-19,NA,NA,1989-07-22
750,1992-09-22,1999-09-17,2001-06-05,NA
751,1988-11-22,NA,NA,NA
752,1991-06-29,1992-01-24,1994-06-05,NA
753,1989-11-13,1991-03-21,1991-10-22,NA
754,1988-09-05,1989-05-12,1989-08-24,NA
755,1989-07-10,NA,NA,NA
756,1991-09-04,NA,NA,1993-07-27
757,1989-12-07,NA,NA,NA
758,1989-11-06,NA,NA,NA
759,1988-05-27,NA,NA,1990-05-24
760,1991-05-04,1991-05-15,1993-11-05,1995-08-01
761,1989-12-21,1992-07-30,NA,NA
762,1991-07-16,NA,NA,NA
763,1988-09-18,1989-02-22,1990-07-23,NA
764,1990-03-13,NA,NA,NA
765,1988-10-30,NA,NA,NA
766,1992-10-22,1993-01-16,NA,NA
767,1989-04-22,NA,NA,1990-05-15
768,1992-05-05,NA,NA,1995-10-02
769,1990-06-13,1991-04-22,NA,NA
770,1988-04-30,1994-11-06,1995-11-20,NA
771,1991-08-27,NA,NA,1992-06-04
772,1989-09-05,1990-01-05,NA,NA
773,1988-09-22,1989-11-24,1990-07-10,NA
774,1988-08-30,NA,NA,NA
775,1988-09-17,1988-10-29,NA,NA
776,1989-08-02,1990-02-07,NA,NA
777,1988-07-19,NA,NA,NA
778,1989-09-30,NA,NA,NA
779,1990-09-16,1991-02-24,1992-12-07,NA
780,1991-05-19,NA,NA,NA
781,1988-04-29,1993-07-07,1994-03-14,NA
782,1988-06-13,NA,NA,1988-06-26
783,1989-07-05,1989-12-13,1998-12-10,NA
784,1989-07-28,1990-08-10,NA,1990-08-28
785,1988-02-25,NA,NA,NA
786,1990-04-09,NA,NA,NA
787,1988-12-28,1989-11-25,1990-11-17,NA
788,1990-08-24,1991-02-24,NA,NA
789,1991-07-15,1992-01-26,NA,NA
790,1990-08-31,1991-09-20,NA,NA
791,1989-03-27,NA,NA,NA
792,1988-08-07,1989-04-15,NA,1991-09-12
793,1988-08-30,1988-12-25,NA,1990-03-07
794,1992-06-15,NA,NA,NA
795,1988-09-14,1988-11-08,NA,NA
796,1988-08-26,1988-09-13,NA,NA
797,1992-09-24,NA,NA,NA
798,1992-01-29,NA,NA,NA
799,1989-09-07,1990-04-06,NA,1990-08-10
800,1988-11-25,NA,NA,NA
801,1988-07-18,NA,NA,NA
802,1990-02-10,NA,NA,NA
803,1991-05-28,NA,NA,NA
804,1988-09-20,1990-01-27,1990-11-23,1991-06-01
805,1988-02-07,1989-07-23,NA,1992-06-29
806,1990-03-19,NA,NA,NA
807,1990-09-06,1992-12-28,NA,NA
808,1989-08-03,NA,NA,NA
809,1990-12-02,1990-12-13,NA,NA
810,1988-01-14,NA,NA,NA
811,1990-03-16,1992-01-16,NA,1993-06-25
812,1992-07-31,1992-08-19,1995-05-24,1995-11-10
813,1988-05-09,NA,NA,NA
814,1990-03-14,NA,NA,1990-05-17
815,1988-07-16,1988-09-06,1992-01-11,NA
816,1989-01-17,NA,NA,NA
817,1988-12-30,NA,NA,1990-02-04
818,1988-08-28,NA,NA,NA
819,1989-05-21,1989-08-04,NA,NA
820,1989-10-09,1990-03-12,NA,NA
821,1989-07-07,1990-06-14,NA,NA
822,1992-08-07,NA,NA,NA
823,1988-04-25,NA,NA,NA
824,1991-11-20,1992-10-25,NA,1995-07-17
825,1990-11-16,1991-09-11,NA,1992-09-28
826,1989-06-28,NA,NA,1989-10-31
827,1990-07-07,1990-09-20,NA,NA
828,1988-02-07,NA,NA,1989-07-15
829,1989-04-11,1989-10-22,1992-09-19,NA
830,1991-05-19,1991-05-21,NA,NA
831,1989-03-08,NA,NA,NA
832,1990-09-29,1991-06-01,1993-04-06,NA
833,1991-08-05,1992-10-16,1995-09-16,NA
834,1989-03-27,NA,NA,NA
835,1991-10-29,1992-01-12,NA,1993-11-01
836,1992-06-27,NA,NA,NA
837,1989-08-02,NA,NA,NA
838,1988-08-17,NA,NA,NA
839,1989-02-03,1991-12-27,NA,NA
840,1990-03-20,1990-07-11,1991-10-03,1997-11-20
841,1988-10-03,NA,NA,NA
842,1989-10-26,1991-05-05,NA,NA
843,1988-08-15,NA,NA,NA
844,1989-04-28,1989-07-07,1990-10-02,NA
845,1988-09-21,1989-08-08,1989-11-22,NA
846,1988-08-26,1988-12-26,NA,NA
847,1991-04-09,1991-10-06,1994-02-05,1995-09-25
848,1989-11-03,1992-07-13,NA,NA
849,1991-02-15,1993-06-06,NA,1998-07-19
850,1988-12-04,NA,NA,NA
851,1988-04-19,NA,NA,1989-02-13
852,1991-11-02,NA,NA,1992-08-28
853,1989-05-04,1989-07-31,NA,1990-02-28
854,1989-07-04,NA,NA,NA
855,1991-01-11,NA,NA,1995-12-08
856,1988-11-18,1989-07-16,1989-09-16,NA
857,1992-01-03,1993-06-14,NA,NA
858,1989-09-24,1991-02-02,NA,NA
859,1992-05-09,NA,NA,NA
860,1989-06-14,NA,NA,NA
861,1988-09-13,1988-09-26,NA,NA
862,1989-05-20,NA,NA,NA
863,1989-08-10,1992-04-08,1995-02-06,NA
864,1988-08-26,NA,NA,NA
865,1988-09-14,1988-12-23,NA,NA
866,1989-05-28,NA,NA,1991-02-15
867,1990-12-09,1991-04-27,NA,1992-08-28
868,1989-07-15,NA,NA,NA
869,1990-06-23,NA,NA,NA
870,1989-05-21,1990-01-12,NA,NA
871,1990-12-04,1991-12-17,NA,NA
872,1988-07-12,1990-10-24,NA,NA
873,1988-04-10,NA,NA,NA
874,1989-10-15,1994-06-04,NA,NA
875,1988-08-11,1990-12-04,1991-06-02,NA
876,1989-05-04,1989-06-28,NA,NA
877,1988-09-03,NA,NA,NA
878,1988-08-14,NA,NA,NA
879,1988-06-06,NA,NA,NA
880,1990-06-09,NA,NA,NA
881,1988-06-24,NA,NA,NA
882,1988-09-23,1991-03-05,1993-08-25,1994-11-03
883,1990-12-24,1992-10-29,NA,1997-02-02
884,1992-06-04,1993-04-18,NA,1995-04-24
885,1988-05-30,1990-02-10,NA,1991-04-19
886,1988-05-05,1989-02-11,1991-06-20,NA
887,1988-10-20,1990-08-19,1990-11-29,NA
888,1988-08-11,NA,NA,NA
889,1988-01-31,1988-02-07,1989-03-29,NA
890,1990-05-11,NA,NA,NA
891,1988-02-28,1988-04-30,NA,NA
892,1988-12-06,1991-05-18,1992-05-15,NA
893,1988-07-15,1990-12-10,1991-03-18,NA
894,1988-09-01,NA,NA,NA
895,1989-04-27,1990-04-07,NA,1990-06-26
896,1989-05-15,1990-01-24,NA,NA
897,1988-07-16,NA,NA,NA
898,1988-11-30,NA,NA,1989-02-25
899,1988-09-04,NA,NA,NA
900,1988-08-14,1989-04-06,1994-09-14,NA
901,1990-09-03,1992-09-05,1998-01-04,NA
902,1988-06-04,1993-05-30,NA,NA
903,1988-08-29,1989-02-23,1989-11-28,NA
904,1990-03-15,1990-10-13,1994-12-28,NA
905,1989-07-26,NA,NA,NA
906,1989-11-09,1991-07-22,NA,NA
907,1989-12-10,NA,NA,NA
908,1988-08-16,1989-05-02,1996-02-14,NA
909,1988-07-05,NA,NA,NA
910,1988-03-07,1988-11-06,NA,NA
911,1989-07-21,NA,NA,1990-10-25
912,1988-06-06,NA,NA,NA
913,1988-06-29,NA,NA,NA
914,1990-06-06,NA,NA,1992-09-01
915,1990-10-09,NA,NA,NA
916,1989-08-04,NA,NA,NA
917,1990-09-01,NA,NA,NA
918,1988-11-24,1990-04-23,1990-09-13,NA
919,1992-10-04,1992-12-04,1996-11-23,NA
920,1988-02-13,NA,NA,NA
921,1989-05-22,NA,NA,NA
922,1990-06-26,NA,NA,NA
923,1988-02-27,NA,NA,NA
924,1989-09-11,1990-06-04,NA,NA
925,1990-08-17,NA,NA,NA
926,1990-09-26,1991-04-16,1991-10-20,NA
927,1988-01-13,1989-06-24,1990-01-14,NA
928,1988-04-01,1988-10-29,1992-12-06,NA
929,1988-06-22,NA,NA,NA
930,1988-08-06,1989-04-15,NA,NA
931,1988-09-25,1990-05-26,NA,NA
932,1988-04-27,1988-07-10,NA,NA
933,1989-10-17,1990-09-01,NA,NA
934,1990-12-10,NA,NA,1991-03-25
935,1989-07-01,1991-01-31,NA,NA
936,1990-02-14,1990-04-14,1990-11-07,NA
937,1988-10-02,NA,NA,NA
938,1990-12-12,NA,NA,NA
939,1988-09-05,1988-11-11,1990-01-01,NA
940,1988-07-03,1988-09-18,NA,NA
941,1988-12-04,1992-03-26,1993-02-12,NA
942,1990-08-01,1992-11-22,1993-12-07,NA
943,1989-07-17,1990-01-04,NA,1990-09-04
944,1990-01-26,NA,NA,1990-08-04
945,1991-09-28,NA,NA,1996-10-06
946,1991-10-29,1991-12-10,NA,NA
947,1988-04-30,1988-09-25,NA,NA
948,1989-07-10,1989-09-05,NA,NA
949,1989-05-18,NA,NA,1989-07-14
950,1988-06-23,NA,NA,NA
951,1990-08-09,1992-04-28,NA,NA
952,1988-07-23,1989-09-09,NA,1993-08-22
953,1992-08-21,1993-07-16,NA,NA
954,1988-03-20,1989-09-30,1992-09-17,1995-10-06
955,1991-06-14,1991-08-12,NA,1991-12-28
956,1990-11-25,NA,NA,NA
957,1989-04-21,1989-08-27,NA,NA
958,1988-01-08,1988-01-17,NA,NA
959,1988-07-10,1991-01-22,NA,NA
960,1990-07-07,NA,NA,1991-11-07
961,1990-09-26,1991-03-03,1997-02-16,2004-07-30
962,1988-05-20,1990-09-08,1991-08-22,NA
963,1988-02-06,1988-07-28,1991-03-10,NA
964,1988-10-14,1989-04-29,NA,NA
965,1989-09-20,1990-07-18,NA,NA
966,1990-04-20,1991-05-11,1992-08-12,1997-10-01
967,1988-04-08,1992-01-03,1993-04-28,1994-06-11
968,1991-05-18,NA,NA,NA
969,1991-08-31,NA,NA,NA
970,1989-08-25,NA,NA,1991-05-27
971,1989-09-03,NA,NA,NA
972,1989-09-08,1990-08-07,NA,1991-05-09
973,1989-10-11,1992-02-29,NA,1992-03-21
974,1990-02-25,NA,NA,NA
975,1990-07-12,1990-09-13,1991-02-05,NA
976,1988-01-20,1989-08-31,NA,NA
977,1988-05-13,1988-09-19,1995-09-02,NA
978,1988-07-13,1989-10-23,1990-07-13,NA
979,1988-07-22,1989-03-08,NA,NA
980,1992-05-31,1994-03-28,1995-03-27,NA
981,1988-04-22,NA,NA,NA
982,1988-10-02,NA,NA,NA
983,1992-08-15,1995-02-14,NA,NA
984,1988-06-28,1990-04-19,1991-04-18,NA
985,1989-09-03,NA,NA,NA
986,1989-06-06,1989-12-22,1992-11-30,NA
987,1991-08-05,NA,NA,NA
988,1989-07-13,NA,NA,NA
989,1988-10-23,1989-08-31,1990-02-05,NA
990,1990-08-14,1994-02-11,NA,NA
991,1988-09-16,NA,NA,NA
992,1989-03-14,NA,NA,NA
993,1989-08-27,NA,NA,NA
994,1988-05-26,1988-08-01,NA,NA
995,1989-03-19,1990-03-26,1991-05-21,NA
996,1988-09-06,1990-02-25,NA,1992-06-25
997,1989-03-05,NA,NA,NA
998,1989-11-04,NA,NA,NA
999,1989-04-07,1989-10-04,NA,NA
1000,1990-05-05,NA,NA,1991-05-30
1001,1989-08-09,1990-03-18,NA,NA
1002,1989-09-24,NA,NA,NA
1003,1989-05-11,1989-06-29,NA,NA
1004,1988-11-09,1989-07-15,NA,NA
1005,1992-11-23,NA,NA,NA
1006,1990-11-11,1993-02-13,1993-09-05,NA
1007,1988-08-25,1991-07-30,NA,NA
1008,1991-05-12,1994-04-30,NA,NA
1009,1990-07-20,1992-03-18,NA,1992-12-30
1010,1989-10-06,NA,NA,1990-11-11
1011,1991-07-01,NA,NA,1992-02-05
1012,1989-04-09,1993-09-23,NA,NA
1013,1990-04-19,1991-08-15,NA,1996-07-13
1014,1989-07-20,1989-08-27,NA,NA
1015,1990-08-15,1990-11-01,1992-01-06,NA
1016,1991-07-13,1991-08-31,NA,NA
1017,1989-09-05,1989-09-26,NA,NA
1018,1989-11-09,NA,NA,NA
1019,1988-07-25,1988-09-28,NA,NA
1020,1989-08-31,1990-06-30,NA,NA
1021,1992-09-11,NA,NA,NA
1022,1989-07-24,1990-07-24,1991-12-01,NA
1023,1988-09-16,NA,NA,NA
1024,1990-07-02,1993-05-03,NA,NA
1025,1989-07-02,1989-08-06,1992-07-02,NA
1026,1992-04-16,1995-07-27,1996-09-26,2001-11-12
1027,1989-01-15,1989-03-27,NA,NA
1028,1989-05-31,1990-02-22,NA,NA
1029,1991-06-10,1994-05-29,NA,1995-09-14
1030,1990-09-27,1992-11-12,NA,NA
1031,1990-03-21,NA,NA,1990-09-04
1032,1988-05-21,1989-09-08,1993-02-19,1994-04-30
1033,1992-05-05,NA,NA,NA
1034,1988-07-24,1988-08-31,NA,NA
1035,1992-03-13,1993-02-16,NA,NA
1036,1988-10-09,NA,NA,1989-01-17
1037,1990-08-22,1991-05-11,NA,NA
1038,1989-12-29,1990-04-06,1991-10-04,1999-01-26
1039,1989-03-01,1989-03-24,NA,NA
1040,1992-04-12,1993-06-22,NA,NA
1041,1990-08-28,NA,NA,1992-08-28
1042,1989-01-30,1989-04-05,NA,1991-01-31
1043,1989-09-08,1991-07-25,1992-07-22,NA
1044,1991-07-03,NA,NA,NA
1045,1988-07-12,NA,NA,NA
1046,1990-05-04,1992-05-21,NA,NA
1047,1989-04-27,1991-02-14,NA,1994-06-23
1048,1991-05-31,1993-09-16,NA,NA
1049,1992-06-18,1992-09-13,1993-06-12,NA
1050,1988-12-31,NA,NA,NA
1051,1992-03-16,NA,NA,NA
1052,1988-09-02,1988-09-20,NA,NA
1053,1992-09-15,NA,NA,NA
1054,1991-08-24,1992-12-26,NA,1996-08-21
1055,1992-07-24,NA,NA,NA
1056,1989-08-29,1990-03-05,NA,NA
1057,1988-01-24,1992-02-13,NA,NA
1058,1988-08-28,1992-01-21,1993-03-22,1998-07-28
1059,1991-12-27,1992-12-27,NA,1994-09-07
1060,1988-01-31,1990-01-28,1991-02-01,1991-04-29
1061,1989-09-28,1990-01-23,NA,1994-06-23
1062,1988-01-22,1988-10-12,NA,1992-10-16
1063,1989-01-11,NA,NA,NA
1064,1991-09-11,NA,NA,NA
1065,1989-05-09,1989-10-16,NA,1990-02-04
1066,1989-05-31,NA,NA,1990-02-08
1067,1988-07-11,NA,NA,NA
1068,1988-04-03,NA,NA,NA
1069,1989-02-26,NA,NA,NA
1070,1990-09-07,1993-02-11,NA,NA
1071,1989-11-01,NA,NA,1990-04-29
1072,1991-04-22,NA,NA,1991-09-30
1073,1991-05-03,NA,NA,NA
1074,1989-06-15,NA,NA,NA
1075,1989-10-20,1991-03-30,NA,NA
1076,1990-11-26,NA,NA,NA
1077,1988-07-29,NA,NA,NA
1078,1990-08-25,1992-03-30,NA,NA
1079,1988-12-13,1989-04-26,NA,NA
1080,1988-01-05,1990-09-16,1992-05-02,1994-08-05
1081,1990-05-28,1991-10-05,NA,NA
1082,1988-08-23,NA,NA,NA
1083,1988-02-21,1988-06-01,1994-09-23,NA
1084,1988-07-14,1989-12-06,NA,1992-05-10
1085,1988-01-20,1988-08-22,1989-09-03,1990-10-05
1086,1989-04-07,NA,NA,1993-01-23
1087,1989-09-30,NA,NA,NA
1088,1991-07-25,1992-07-15,1996-05-12,NA
1089,1988-05-27,1990-06-14,NA,NA
1090,1988-08-07,1989-04-01,NA,NA
1091,1989-08-08,1990-10-20,1992-08-27,1993-12-31
1092,1991-08-27,1993-09-04,NA,1996-01-19
1093,1990-05-21,1991-12-08,1992-09-24,1994-10-13
1094,1989-08-24,1990-08-03,1990-08-10,NA
1095,1988-08-01,1988-08-26,1990-08-01,1992-03-02
1096,1988-09-15,1991-12-21,1995-02-10,1996-02-27
1097,1988-06-25,1988-11-22,NA,NA
1098,1992-04-05,NA,NA,NA
1099,1988-02-14,NA,NA,NA
1100,1988-07-29,1990-04-14,NA,1992-11-25
1101,1989-12-04,1990-05-12,1992-06-01,NA
1102,1989-07-03,1992-05-21,1992-12-31,NA
1103,1989-09-19,NA,NA,1989-10-13
1104,1991-09-20,NA,NA,NA
1105,1989-08-27,NA,NA,1991-02-10
1106,1990-05-22,1992-06-15,NA,NA
1107,1988-02-02,1988-06-11,1989-02-18,1995-04-30
1108,1988-08-05,1991-04-03,1991-12-07,1993-07-07
1109,1989-05-14,NA,NA,1993-03-23
1110,1989-09-12,1990-06-06,1994-09-03,NA
1111,1989-04-23,NA,NA,NA
1112,1991-01-28,NA,NA,NA
1113,1989-08-29,NA,NA,NA
1114,1988-06-15,1988-11-16,1989-03-04,NA
1115,1990-05-01,1991-04-20,NA,NA
1116,1989-01-17,1990-04-07,NA,NA
1117,1991-05-03,1994-10-28,1996-03-25,NA
1118,1988-03-13,NA,NA,1989-02-12
1119,1989-09-09,NA,NA,NA
1120,1990-10-20,NA,NA,NA
1121,1990-09-06,NA,NA,NA
1122,1991-09-15,1994-03-30,NA,NA
1123,1989-07-15,NA,NA,NA
1124,1988-01-05,NA,NA,NA
1125,1988-07-05,1988-12-16,NA,NA
1126,1988-02-27,1988-10-17,NA,NA
1127,1989-08-16,1992-06-05,1993-04-24,NA
1128,1988-07-15,1990-03-01,NA,NA
1129,1988-09-19,1989-06-05,1989-10-23,NA
